Workbook

Sheet Tbl
A4: COSTO | B4: Fecha | C4: Descripcion | D4: COSTOS | E4: Inventario Inicial | F4: Compra | G4: Entrada dev | H4: Salida | I4: Salida Almacen | J4: Inventario Final
A5: =_xlfn.XLOOKUP(Tabla1[[#This Row],[Descripcion]],Costos!A:A,Costos!B:B) -> 1086.7487 | B5: 46023 | C5: Silla de Ruedas Standar | D5: 1086.7487 | E5: 29 | F5: 0 | G5: 0 | H5: 15 | I5: 0 | J5: =(E5+G5+F5)-(H5+I5) -> 14
A6: =_xlfn.XLOOKUP(Tabla1[[#This Row],[Descripcion]],Costos!A:A,Costos!B:B) -> 349.3127 | B6: 46023 | C6: Silla de Baño con Respaldo | D6: 349.3127 | E6: =519+4 -> 523 | F6: 0 | G6: 0 | H6: 0 | I6: 0 | J6: =(E6+G6+F6)-(H6+I6) -> 523
A7: =_xlfn.XLOOKUP(Tabla1[[#This Row],[Descripcion]],Costos!A:A,Costos!B:B) -> 447.78148 | B7: 46023 | C7: Nebulizador Pediatrico Elefante Rosa | D7: 447.78148 | E7: =11354 -> 11354 | F7: 0 | G7: 0 | H7: 37 | I7: 0 | J7: =(E7+G7+F7)-(H7+I7) -> 11317
A8: =_xlfn.XLOOKUP(Tabla1[[#This Row],[Descripcion]],Costos!A:A,Costos!B:B) -> 451.39646 | B8: 46023 | C8: Nebulizador Pediatrico Elefante Celeste | D8: 451.39646 | E8: 3173 | F8: 0 | G8: 144 | H8: 390 | I8: 0 | J8: =(E8+G8+F8)-(H8+I8) -> 2927
A9: =_xlfn.XLOOKUP(Tabla1[[#This Row],[Descripcion]],Costos!A:A,Costos!B:B) -> 58.319145 | B9: 46023 | C9: Termometro Pediatrico Osito | D9: 58.319145 | E9: =22727+20+464 -> 23211 | F9: 0 | G9: 0 | H9: 2165 | I9: 0 | J9: =(E9+G9+F9)-(H9+I9) -> 21046
A10: =_xlfn.XLOOKUP(Tabla1[[#This Row],[Descripcion]],Costos!A:A,Costos!B:B) -> 58.065092 | B10: 46023 | C10: Termometro Pediatrico Koala | D10: 58.065092 | E10: =23069+20+472 -> 23561 | F10: 0 | G10: 0 | H10: 2136 | I10: 0 | J10: =(E10+G10+F10)-(H10+I10) -> 21425
A11: =_xlfn.XLOOKUP(Tabla1[[#This Row],[Descripcion]],Costos!A:A,Costos!B:B) -> 57.201051 | B11: 46023 | C11: Termometro Pediatrico Panda | D11: 57.201051 | E11: =13584+20 -> 13604 | F11: 0 | G11: 0 | H11: 1279 | I11: 0 | J11: =(E11+G11+F11)-(H11+I11) -> 12325
A12: =_xlfn.XLOOKUP(Tabla1[[#This Row],[Descripcion]],Costos!A:A,Costos!B:B) -> 60.761 | B12: 46023 | C12: Termometro Pediatrico Ranita | D12: 60.761 | E12: =8741+20+462 -> 9223 | F12: 0 | G12: 0 | H12: 320 | I12: 0 | J12: =(E12+G12+F12)-(H12+I12) -> 8903
A13: =_xlfn.XLOOKUP(Tabla1[[#This Row],[Descripcion]],Costos!A:A,Costos!B:B) -> 465.8061 | B13: 46023 | C13: Nebulizador Adulto Moderno NBA-01WA | D13: 465.8061 | E13: =5540+177 -> 5717 | F13: 0 | G13: 0 | H13: 72 | I13: 0 | J13: =(E13+G13+F13)-(H13+I13) -> 5645
A14: =_xlfn.XLOOKUP(Tabla1[[#This Row],[Descripcion]],Costos!A:A,Costos!B:B) -> 517.4982 | B14: 46023 | C14: Inodoro Portatil | D14: 517.4982 | E14: 7 | F14: 0 | G14: 3 | H14: 10 | I14: 0 | J14: =(E14+G14+F14)-(H14+I14) -> 0
A15: =_xlfn.XLOOKUP(Tabla1[[#This Row],[Descripcion]],Costos!A:A,Costos!B:B) -> 154.16365 | B15: 46023 | C15: Bascula Digital de Vidrio Transparente | D15: 154.16365 | E15: 881 | F15: 0 | G15: 0 | H15: 14 | I15: 0 | J15: =(E15+G15+F15)-(H15+I15) -> 867
A16: =_xlfn.XLOOKUP(Tabla1[[#This Row],[Descripcion]],Costos!A:A,Costos!B:B) -> 147.5766 | B16: 46023 | C16: Bascula Digital de Vidrio Marmol | D16: 147.5766 | E16: =720+114 -> 834 | F16: 0 | G16: 0 | H16: 24 | I16: 0 | J16: =(E16+G16+F16)-(H16+I16) -> 810
A17: =_xlfn.XLOOKUP(Tabla1[[#This Row],[Descripcion]],Costos!A:A,Costos!B:B) -> 147.5766 | B17: 46023 | C17: Bascula Digital de Vidrio Antideslizante | D17: 147.5766 | E17: =563+103 -> 666 | F17: 0 | G17: 0 | H17: 34 | I17: 0 | J17: =(E17+G17+F17)-(H17+I17) -> 632
A18: =_xlfn.XLOOKUP(Tabla1[[#This Row],[Descripcion]],Costos!A:A,Costos!B:B) -> 170.34 | B18: 46023 | C18: Cojin de Espuma de Memoria Cuadrado | D18: 170.34 | E18: 1475 | F18: 0 | G18: 0 | H18: 15 | I18: 0 | J18: =(E18+G18+F18)-(H18+I18) -> 1460
A19: =_xlfn.XLOOKUP(Tabla1[[#This Row],[Descripcion]],Costos!A:A,Costos!B:B) -> 434.24951 | B19: 46023 | C19: Nebulizador Adulto NBA-05WA | D19: 434.24951 | E19: 4237 | F19: 0 | G19: 0 | H19: 744 | I19: 0 | J19: =(E19+G19+F19)-(H19+I19) -> 3493
A20: 441.3131 | B20: 46023 | C20: Nebulizador Adulto NBA-00WA | D20: 441.3131 | E20: =6305+88 -> 6393 | F20: 0 | G20: 0 | H20: 480 | I20: 0 | J20: =(E20+G20+F20)-(H20+I20) -> 5913
A21: =_xlfn.XLOOKUP(Tabla1[[#This Row],[Descripcion]],Costos!A:A,Costos!B:B) -> 17.944525 | B21: 46023 | C21: Prueba de Embarazo Wellpro Response Tipo Lápiz | D21: 17.944525 | E21: =199437+20 -> 199457 | F21: 0 | G21: 0 | H21: 141 | I21: 0 | J21: =(E21+G21+F21)-(H21+I21) -> 199316
A22: =_xlfn.XLOOKUP(Tabla1[[#This Row],[Descripcion]],Costos!A:A,Costos!B:B) -> 57.19 | B22: 46023 | C22: Termometro Pediatrico Cerdito | D22: 57.19 | E22: =6999+20+469 -> 7488 | F22: 0 | G22: 0 | H22: 91 | I22: 0 | J22: =(E22+G22+F22)-(H22+I22) -> 7397
A23: =_xlfn.XLOOKUP(Tabla1[[#This Row],[Descripcion]],Costos!A:A,Costos!B:B) -> 417.75261 | B23: 46023 | C23: Nebulizador Adulto Moderno NBA-10WA | D23: 417.75261 | E23: 1477 | F23: 0 | G23: 0 | H23: 6 | I23: 0 | J23: =(E23+G23+F23)-(H23+I23) -> 1471
A24: =_xlfn.XLOOKUP(Tabla1[[#This Row],[Descripcion]],Costos!A:A,Costos!B:B) -> 417.75261 | B24: 46023 | C24: Nebulizador Pediátrico Búho Blanco | D24: 417.75261 | E24: 1981 | F24: 0 | G24: 0 | H24: 314 | I24: 0 | J24: =(E24+G24+F24)-(H24+I24) -> 1667
A25: =_xlfn.XLOOKUP(Tabla1[[#This Row],[Descripcion]],Costos!A:A,Costos!B:B) -> 417.75261 | B25: 46023 | C25: Nebulizador Pediátrico Búho Rosado | D25: 417.75261 | E25: 1481 | F25: 0 | G25: 0 | H25: 17 | I25: 0 | J25: =(E25+G25+F25)-(H25+I25) -> 1464
A26: =_xlfn.XLOOKUP(Tabla1[[#This Row],[Descripcion]],Costos!A:A,Costos!B:B) -> 417.75261 | B26: 46023 | C26: Nebulizador Pediátrico Búho Celeste | D26: 417.75261 | E26: 1465 | F26: 0 | G26: 0 | H26: 3 | I26: 0 | J26: =(E26+G26+F26)-(H26+I26) -> 1462
A27: =_xlfn.XLOOKUP(Tabla1[[#This Row],[Descripcion]],Costos!A:A,Costos!B:B) -> 7.69 | B27: 46023 | C27: Tarjetas Aromatizantes con Imagenes Religiosas | D27: 7.69 | E27: 61944 | F27: 0 | G27: 0 | H27: 0 | I27: 0 | J27: =(E27+G27+F27)-(H27+I27) -> 61944
A28: =_xlfn.XLOOKUP(Tabla1[[#This Row],[Descripcion]],Costos!A:A,Costos!B:B) -> 7.69 | B28: 46023 | C28: Tarjetas Aromatizantes con Frases Motivacionales | D28: 7.69 | E28: 104467 | F28: 0 | G28: 0 | H28: 120 | I28: 0 | J28: =(E28+G28+F28)-(H28+I28) -> 104347
A29: =_xlfn.XLOOKUP(Tabla1[[#This Row],[Descripcion]],Costos!A:A,Costos!B:B) -> 7.69 | B29: 46023 | C29: Tarjetas Aromatizantes con Frases Religiosas | D29: 7.69 | E29: 98208 | F29: 0 | G29: 0 | H29: 0 | I29: 0 | J29: =(E29+G29+F29)-(H29+I29) -> 98208
A30: =_xlfn.XLOOKUP(Tabla1[[#This Row],[Descripcion]],Costos!A:A,Costos!B:B) -> 184.56 | B30: 46023 | C30: Pack Tarjetas Aromatizantes Mix Religioso | D30: 184.56 | E30: 2072 | F30: 0 | G30: 0 | H30: 0 | I30: 0 | J30: =(E30+G30+F30)-(H30+I30) -> 2072
A31: =_xlfn.XLOOKUP(Tabla1[[#This Row],[Descripcion]],Costos!A:A,Costos!B:B) -> 1086.7487 | B31: 46054 | C31: Silla de Ruedas Standar | D31: 1086.7487 | E31: 14 | F31: 0 | G31: 0 | H31: 2 | I31: 0 | J31: =(E31+G31+F31)-(H31+I31) -> 12
A32: =_xlfn.XLOOKUP(Tabla1[[#This Row],[Descripcion]],Costos!A:A,Costos!B:B) -> 349.3127 | B32: 46054 | C32: Silla de Baño con Respaldo | D32: 349.3127 | E32: 523 | F32: 0 | G32: 0 | H32: 0 | I32: 0 | J32: =(E32+G32+F32)-(H32+I32) -> 523
A33: =_xlfn.XLOOKUP(Tabla1[[#This Row],[Descripcion]],Costos!A:A,Costos!B:B) -> 447.78148 | B33: 46054 | C33: Nebulizador Pediatrico Elefante Rosa | D33: 447.78148 | E33: 11317 | F33: 0 | G33: 0 | H33: 76 | I33: 0 | J33: =(E33+G33+F33)-(H33+I33) -> 11241
A34: =_xlfn.XLOOKUP(Tabla1[[#This Row],[Descripcion]],Costos!A:A,Costos!B:B) -> 451.39646 | B34: 46054 | C34: Nebulizador Pediatrico Elefante Celeste | D34: 451.39646 | E34: 2927 | F34: 0 | G34: 0 | H34: 460 | I34: 0 | J34: =(E34+G34+F34)-(H34+I34) -> 2467
... A136: =_xlfn.XLOOKUP(Tabla1[[#This Row],[Descripcion]],Costos!A:A,Costos!B:B) -> 36.413524 | B136: 46143 | C136: Kit de Nebulización Pediátrico | D136: 36.413524 | E136: 10000 | F136: 0 | G136: 0 | H136: 0 | I136: 107 | J136: =(E136+G136+F136)-(H136+I136) -> 9893
A137: =_xlfn.XLOOKUP(Tabla1[[#This Row],[Descripcion]],Costos!A:A,Costos!B:B) -> 1086.7487 | B137: 46174 | C137: Silla de Ruedas Standar | D137: 1086.7487 | E137: 0 | J137: =(E137+G137+F137)-(H137+I137) -> 0
A138: =_xlfn.XLOOKUP(Tabla1[[#This Row],[Descripcion]],Costos!A:A,Costos!B:B) -> 349.3127 | B138: 46174 | C138: Silla de Baño con Respaldo | D138: 349.3127 | E138: 513 | G138: 1 | H138: 1 | J138: =(E138+G138+F138)-(H138+I138) -> 513
A139: =_xlfn.XLOOKUP(Tabla1[[#This Row],[Descripcion]],Costos!A:A,Costos!B:B) -> 447.78148 | B139: 46174 | C139: Nebulizador Pediatrico Elefante Rosa | D139: 447.78148 | E139: 4934 | G139: 6000 | H139: 6008 | I139: 1 | J139: =(E139+G139+F139)-(H139+I139) -> 4925
A140: =_xlfn.XLOOKUP(Tabla1[[#This Row],[Descripcion]],Costos!A:A,Costos!B:B) -> 451.39646 | B140: 46174 | C140: Nebulizador Pediatrico Elefante Celeste | D140: 451.39646 | E140: 9395 | G140: 1 | H140: 584 | I140: 1 | J140: =(E140+G140+F140)-(H140+I140) -> 8811
A141: =_xlfn.XLOOKUP(Tabla1[[#This Row],[Descripcion]],Costos!A:A,Costos!B:B) -> 58.319145 | B141: 46174 | C141: Termometro Pediatrico Osito | D141: 58.319145 | E141: 18561 | G141: 2 | H141: 468 | I141: 25 | J141: =(E141+G141+F141)-(H141+I141) -> 18070
A142: =_xlfn.XLOOKUP(Tabla1[[#This Row],[Descripcion]],Costos!A:A,Costos!B:B) -> 58.065092 | B142: 46174 | C142: Termometro Pediatrico Koala | D142: 58.065092 | E142: 18625 | H142: 309 | I142: 5 | J142: =(E142+G142+F142)-(H142+I142) -> 18311
A143: =_xlfn.XLOOKUP(Tabla1[[#This Row],[Descripcion]],Costos!A:A,Costos!B:B) -> 57.201051 | B143: 46174 | C143: Termometro Pediatrico Panda | D143: 57.201051 | E143: 8034 | H143: 1469 | I143: 5 | J143: =(E143+G143+F143)-(H143+I143) -> 6560
A144: =_xlfn.XLOOKUP(Tabla1[[#This Row],[Descripcion]],Costos!A:A,Costos!B:B) -> 60.761 | B144: 46174 | C144: Termometro Pediatrico Ranita | D144: 60.761 | E144: 8563 | H144: 292 | I144: 5 | J144: =(E144+G144+F144)-(H144+I144) -> 8266
A145: =_xlfn.XLOOKUP(Tabla1[[#This Row],[Descripcion]],Costos!A:A,Costos!B:B) -> 465.8061 | B145: 46174 | C145: Nebulizador Adulto Moderno NBA-01WA | D145: 465.8061 | E145: 5283 | F145: 1 | G145: 2 | H145: 78 | I145: 1 | J145: =(E145+G145+F145)-(H145+I145) -> 5207
A146: =_xlfn.XLOOKUP(Tabla1[[#This Row],[Descripcion]],Costos!A:A,Costos!B:B) -> 517.4982 | B146: 46174 | C146: Inodoro Portatil | D146: 517.4982 | E146: 7 | J146: =(E146+G146+F146)-(H146+I146) -> 7
A147: =_xlfn.XLOOKUP(Tabla1[[#This Row],[Descripcion]],Costos!A:A,Costos!B:B) -> 154.16365 | B147: 46174 | C147: Bascula Digital de Vidrio Transparente | D147: 154.16365 | E147: 840 | H147: 51 | J147: =(E147+G147+F147)-(H147+I147) -> 789
A148: =_xlfn.XLOOKUP(Tabla1[[#This Row],[Descripcion]],Costos!A:A,Costos!B:B) -> 147.5766 | B148: 46174 | C148: Bascula Digital de Vidrio Marmol | D148: 147.5766 | E148: 768 | H148: 53 | J148: =(E148+G148+F148)-(H148+I148) -> 715
A149: =_xlfn.XLOOKUP(Tabla1[[#This Row],[Descripcion]],Costos!A:A,Costos!B:B) -> 147.5766 | B149: 46174 | C149: Bascula Digital de Vidrio Antideslizante | D149: 147.5766 | E149: 557 | H149: 90 | I149: 1 | J149: =(E149+G149+F149)-(H149+I149) -> 466
A150: =_xlfn.XLOOKUP(Tabla1[[#This Row],[Descripcion]],Costos!A:A,Costos!B:B) -> 170.34 | B150: 46174 | C150: Cojin de Espuma de Memoria Cuadrado | D150: 170.34 | E150: 1445 | J150: =(E150+G150+F150)-(H150+I150) -> 1445
A151: =_xlfn.XLOOKUP(Tabla1[[#This Row],[Descripcion]],Costos!A:A,Costos!B:B) -> 434.24951 | B151: 46174 | C151: Nebulizador Adulto NBA-05WA | D151: 434.24951 | E151: 9441 | H151: 312 | J151: =(E151+G151+F151)-(H151+I151) -> 9129
A152: =_xlfn.XLOOKUP(Tabla1[[#This Row],[Descripcion]],Costos!A:A,Costos!B:B) -> 441.3131 | B152: 46174 | C152: Nebulizador Adulto NBA-00WA | D152: 441.3131 | E152: 5746 | F152: 1 | G152: 4 | H152: 133 | I152: 1 | J152: =(E152+G152+F152)-(H152+I152) -> 5617
A153: =_xlfn.XLOOKUP(Tabla1[[#This Row],[Descripcion]],Costos!A:A,Costos!B:B) -> 17.944525 | B153: 46174 | C153: Prueba de Embarazo Wellpro Response Tipo Lápiz | D153: 17.944525 | E153: 198049 | H153: 491 | J153: =(E153+G153+F153)-(H153+I153) -> 197558
A154: =_xlfn.XLOOKUP(Tabla1[[#This Row],[Descripcion]],Costos!A:A,Costos!B:B) -> 57.19 | B154: 46174 | C154: Termometro Pediatrico Cerdito | D154: 57.19 | E154: 7010 | H154: 61 | I154: 5 | J154: =(E154+G154+F154)-(H154+I154) -> 6944
A155: =_xlfn.XLOOKUP(Tabla1[[#This Row],[Descripcion]],Costos!A:A,Costos!B:B) -> 417.75261 | B155: 46174 | C155: Nebulizador Adulto Moderno NBA-10WA | D155: 417.75261 | E155: 1437 | H155: 2 | J155: =(E155+G155+F155)-(H155+I155) -> 1435
A156: =_xlfn.XLOOKUP(Tabla1[[#This Row],[Descripcion]],Costos!A:A,Costos!B:B) -> 417.75261 | B156: 46174 | C156: Nebulizador Pediátrico Búho Blanco | D156: 417.75261 | E156: 1592 | F156: 1 | H156: 63 | J156: =(E156+G156+F156)-(H156+I156) -> 1530
A157: =_xlfn.XLOOKUP(Tabla1[[#This Row],[Descripcion]],Costos!A:A,Costos!B:B) -> 417.75261 | B157: 46174 | C157: Nebulizador Pediátrico Búho Rosado | D157: 417.75261 | E157: 1436 | J157: =(E157+G157+F157)-(H157+I157) -> 1436
A158: =_xlfn.XLOOKUP(Tabla1[[#This Row],[Descripcion]],Costos!A:A,Costos!B:B) -> 417.75261 | B158: 46174 | C158: Nebulizador Pediátrico Búho Celeste | D158: 417.75261 | E158: 1441 | J158: =(E158+G158+F158)-(H158+I158) -> 1441
A159: =_xlfn.XLOOKUP(Tabla1[[#This Row],[Descripcion]],Costos!A:A,Costos!B:B) -> 7.69 | B159: 46174 | C159: Tarjetas Aromatizantes con Imagenes Religiosas | D159: 7.69 | E159: 21624 | J159: =(E159+G159+F159)-(H159+I159) -> 21624
A160: =_xlfn.XLOOKUP(Tabla1[[#This Row],[Descripcion]],Costos!A:A,Costos!B:B) -> 7.69 | B160: 46174 | C160: Tarjetas Aromatizantes con Frases Motivacionales | D160: 7.69 | E160: 1272 | J160: =(E160+G160+F160)-(H160+I160) -> 1272
A161: =_xlfn.XLOOKUP(Tabla1[[#This Row],[Descripcion]],Costos!A:A,Costos!B:B) -> 7.69 | B161: 46174 | C161: Tarjetas Aromatizantes con Frases Religiosas | D161: 7.69 | E161: 96 | J161: =(E161+G161+F161)-(H161+I161) -> 96
A162: =_xlfn.XLOOKUP(Tabla1[[#This Row],[Descripcion]],Costos!A:A,Costos!B:B) -> 184.56 | B162: 46174 | C162: Pack Tarjetas Aromatizantes Mix Religioso | D162: 184.56 | E162: 28 | J162: =(E162+G162+F162)-(H162+I162) -> 28
A163: =_xlfn.XLOOKUP(Tabla1[[#This Row],[Descripcion]],Costos!A:A,Costos!B:B) -> 36.413524 | B163: 46174 | C163: Kit de Nebulización Adulto | D163: 36.413524 | E163: 9893 | H163: 105 | I163: 2 | J163: =(E163+G163+F163)-(H163+I163) -> 9786
A164: =_xlfn.XLOOKUP(Tabla1[[#This Row],[Descripcion]],Costos!A:A,Costos!B:B) -> 36.413524 | B164: 46174 | C164: Kit de Nebulización Pediátrico | D164: 36.413524 | E164: 9893 | H164: 105 | I164: 2 | J164: =(E164+G164+F164)-(H164+I164) -> 9786
A165: =_xlfn.XLOOKUP(Tabla1[[#This Row],[Descripcion]],Costos!A:A,Costos!B:B) -> 1086.7487 | B165: 46204 | C165: Silla de Ruedas Standar | D165: 1086.7487 | E165: 0 | J165: =(E165+G165+F165)-(H165+I165) -> 0
A166: =_xlfn.XLOOKUP(Tabla1[[#This Row],[Descripcion]],Costos!A:A,Costos!B:B) -> 349.3127 | B166: 46204 | C166: Silla de Baño con Respaldo | D166: 349.3127 | E166: 513 | H166: 1 | I166: 1 | J166: =(E166+G166+F166)-(H166+I166) -> 511
A167: =_xlfn.XLOOKUP(Tabla1[[#This Row],[Descripcion]],Costos!A:A,Costos!B:B) -> 447.78148 | B167: 46204 | C167: Nebulizador Pediatrico Elefante Rosa | D167: 447.78148 | E167: 4925 | H167: 134 | J167: =(E167+G167+F167)-(H167+I167) -> 4791
A168: =_xlfn.XLOOKUP(Tabla1[[#This Row],[Descripcion]],Costos!A:A,Costos!B:B) -> 451.39646 | B168: 46204 | C168: Nebulizador Pediatrico Elefante Celeste | D168: 451.39646 | E168: 8811 | H168: 207 | J168: =(E168+G168+F168)-(H168+I168) -> 8604
A169: =_xlfn.XLOOKUP(Tabla1[[#This Row],[Descripcion]],Costos!A:A,Costos!B:B) -> 58.319145 | B169: 46204 | C169: Termometro Pediatrico Osito | D169: 58.319145 | E169: 18070 | G169: 7 | H169: 231 | I169: 7 | J169: =(E169+G169+F169)-(H169+I169) -> 17839
A170: =_xlfn.XLOOKUP(Tabla1[[#This Row],[Descripcion]],Costos!A:A,Costos!B:B) -> 58.065092 | B170: 46204 | C170: Termometro Pediatrico Koala | D170: 58.065092 | E170: 18311 | G170: 4 | H170: 255 | I170: 9 | J170: =(E170+G170+F170)-(H170+I170) -> 18051
A171: =_xlfn.XLOOKUP(Tabla1[[#This Row],[Descripcion]],Costos!A:A,Costos!B:B) -> 57.201051 | B171: 46204 | C171: Termometro Pediatrico Panda | D171: 57.201051 | E171: 6560 | G171: 2 | H171: 1019 | I171: 67 | J171: =(E171+G171+F171)-(H171+I171) -> 5476
A172: =_xlfn.XLOOKUP(Tabla1[[#This Row],[Descripcion]],Costos!A:A,Costos!B:B) -> 60.761 | B172: 46204 | C172: Termometro Pediatrico Ranita | D172: 60.761 | E172: 8266 | G172: 5 | H172: 83 | J172: =(E172+G172+F172)-(H172+I172) -> 8188
A173: =_xlfn.XLOOKUP(Tabla1[[#This Row],[Descripcion]],Costos!A:A,Costos!B:B) -> 465.8061 | B173: 46204 | C173: Nebulizador Adulto Moderno NBA-01WA | D173: 465.8061 | E173: 5207 | H173: 66 | J173: =(E173+G173+F173)-(H173+I173) -> 5141
A174: =_xlfn.XLOOKUP(Tabla1[[#This Row],[Descripcion]],Costos!A:A,Costos!B:B) -> 517.4982 | B174: 46204 | C174: Inodoro Portatil | D174: 517.4982 | E174: 7 | H174: 1 | J174: =(E174+G174+F174)-(H174+I174) -> 6
A175: =_xlfn.XLOOKUP(Tabla1[[#This Row],[Descripcion]],Costos!A:A,Costos!B:B) -> 154.16365 | B175: 46204 | C175: Bascula Digital de Vidrio Transparente | D175: 154.16365 | E175: 789 | H175: 70 | I175: 10 | J175: =(E175+G175+F175)-(H175+I175) -> 709
A176: =_xlfn.XLOOKUP(Tabla1[[#This Row],[Descripcion]],Costos!A:A,Costos!B:B) -> 147.5766 | B176: 46204 | C176: Bascula Digital de Vidrio Marmol | D176: 147.5766 | E176: 715 | G176: 2 | H176: 54 | J176: =(E176+G176+F176)-(H176+I176) -> 663
A177: =_xlfn.XLOOKUP(Tabla1[[#This Row],[Descripcion]],Costos!A:A,Costos!B:B) -> 147.5766 | B177: 46204 | C177: Bascula Digital de Vidrio Antideslizante | D177: 147.5766 | E177: 466 | G177: 1 | H177: 57 | J177: =(E177+G177+F177)-(H177+I177) -> 410
A178: =_xlfn.XLOOKUP(Tabla1[[#This Row],[Descripcion]],Costos!A:A,Costos!B:B) -> 170.34 | B178: 46204 | C178: Cojin de Espuma de Memoria Cuadrado | D178: 170.34 | E178: 1445 | H178: 6 | J178: =(E178+G178+F178)-(H178+I178) -> 1439
A179: =_xlfn.XLOOKUP(Tabla1[[#This Row],[Descripcion]],Costos!A:A,Costos!B:B) -> 434.24951 | B179: 46204 | C179: Nebulizador Adulto NBA-05WA | D179: 434.24951 | E179: 9129 | H179: 165 | J179: =(E179+G179+F179)-(H179+I179) -> 8964
A180: =_xlfn.XLOOKUP(Tabla1[[#This Row],[Descripcion]],Costos!A:A,Costos!B:B) -> 441.3131 | B180: 46204 | C180: Nebulizador Adulto NBA-00WA | D180: 441.3131 | E180: 5617 | H180: 269 | J180: =(E180+G180+F180)-(H180+I180) -> 5348
A181: =_xlfn.XLOOKUP(Tabla1[[#This Row],[Descripcion]],Costos!A:A,Costos!B:B) -> 17.944525 | B181: 46204 | C181: Prueba de Embarazo Wellpro Response Tipo Lápiz | D181: 17.944525 | E181: 197558 | G181: 1 | H181: 295 | I181: 30 | J181: =(E181+G181+F181)-(H181+I181) -> 197234
A182: =_xlfn.XLOOKUP(Tabla1[[#This Row],[Descripcion]],Costos!A:A,Costos!B:B) -> 57.19 | B182: 46204 | C182: Termometro Pediatrico Cerdito | D182: 57.19 | E182: 6944 | G182: 1 | H182: 111 | J182: =(E182+G182+F182)-(H182+I182) -> 6834
A183: =_xlfn.XLOOKUP(Tabla1[[#This Row],[Descripcion]],Costos!A:A,Costos!B:B) -> 417.75261 | B183: 46204 | C183: Nebulizador Adulto Moderno NBA-10WA | D183: 417.75261 | E183: 1435 | H183: 5 | J183: =(E183+G183+F183)-(H183+I183) -> 1430
A184: =_xlfn.XLOOKUP(Tabla1[[#This Row],[Descripcion]],Costos!A:A,Costos!B:B) -> 417.75261 | B184: 46204 | C184: Nebulizador Pediátrico Búho Blanco | D184: 417.75261 | E184: 1530 | H184: 6 | J184: =(E184+G184+F184)-(H184+I184) -> 1524
A185: =_xlfn.XLOOKUP(Tabla1[[#This Row],[Descripcion]],Costos!A:A,Costos!B:B) -> 417.75261 | B185: 46204 | C185: Nebulizador Pediátrico Búho Rosado | D185: 417.75261 | E185: 1436 | I185: 3 | J185: =(E185+G185+F185)-(H185+I185) -> 1433
A186: =_xlfn.XLOOKUP(Tabla1[[#This Row],[Descripcion]],Costos!A:A,Costos!B:B) -> 417.75261 | B186: 46204 | C186: Nebulizador Pediátrico Búho Celeste | D186: 417.75261 | E186: 1441 | H186: 3 | I186: 3 | J186: =(E186+G186+F186)-(H186+I186) -> 1435
A187: =_xlfn.XLOOKUP(Tabla1[[#This Row],[Descripcion]],Costos!A:A,Costos!B:B) -> 7.69 | B187: 46204 | C187: Tarjetas Aromatizantes con Imagenes Religiosas | D187: 7.69 | E187: 21624 | J187: =(E187+G187+F187)-(H187+I187) -> 21624
A188: =_xlfn.XLOOKUP(Tabla1[[#This Row],[Descripcion]],Costos!A:A,Costos!B:B) -> 7.69 | B188: 46204 | C188: Tarjetas Aromatizantes con Frases Motivacionales | D188: 7.69 | E188: 1272 | J188: =(E188+G188+F188)-(H188+I188) -> 1272
A189: =_xlfn.XLOOKUP(Tabla1[[#This Row],[Descripcion]],Costos!A:A,Costos!B:B) -> 7.69 | B189: 46204 | C189: Tarjetas Aromatizantes con Frases Religiosas | D189: 7.69 | E189: 96 | J189: =(E189+G189+F189)-(H189+I189) -> 96
A190: =_xlfn.XLOOKUP(Tabla1[[#This Row],[Descripcion]],Costos!A:A,Costos!B:B) -> 184.56 | B190: 46204 | C190: Pack Tarjetas Aromatizantes Mix Religioso | D190: 184.56 | E190: 28 | I190: 15 | J190: =(E190+G190+F190)-(H190+I190) -> 13
A191: =_xlfn.XLOOKUP(Tabla1[[#This Row],[Descripcion]],Costos!A:A,Costos!B:B) -> 36.413524 | B191: 46204 | C191: Kit de Nebulización Adulto | D191: 36.413524 | E191: 9786 | H191: 101 | I191: 16 | J191: =(E191+G191+F191)-(H191+I191) -> 9669
A192: =_xlfn.XLOOKUP(Tabla1[[#This Row],[Descripcion]],Costos!A:A,Costos!B:B) -> 36.413524 | B192: 46204 | C192: Kit de Nebulización Pediátrico | D192: 36.413524 | E192: 9786 | H192: 3 | I192: 15 | J192: =(E192+G192+F192)-(H192+I192) -> 9768
A193: =_xlfn.XLOOKUP(Tabla1[[#This Row],[Descripcion]],Costos!A:A,Costos!B:B) -> 385.03774 | B193: 46204 | C193: Nebulizador Pediátrico Kitty | D193: 385.03774 | F193: 1200 | I193: 1 | J193: =(E193+G193+F193)-(H193+I193) -> 1199
A194: =_xlfn.XLOOKUP(Tabla1[[#This Row],[Descripcion]],Costos!A:A,Costos!B:B) -> 385.03774 | B194: 46204 | C194: Nebulizador Pediátrico Penguin | D194: 385.03774 | F194: 2424 | I194: 2 | J194: =(E194+G194+F194)-(H194+I194) -> 2422
A195: =_xlfn.XLOOKUP(Tabla1[[#This Row],[Descripcion]],Costos!A:A,Costos!B:B) -> 385.03774 | B195: 46204 | C195: Nebulizador Pediátrico Panda | D195: 385.03774 | F195: 2418 | I195: 1 | J195: =(E195+G195+F195)-(H195+I195) -> 2417
A196: =_xlfn.XLOOKUP(Tabla1[[#This Row],[Descripcion]],Costos!A:A,Costos!B:B) -> 1086.7487 | B196: 46235 | C196: Silla de Ruedas Standar | D196: 1086.7487 | E196: 0 | J196: =(E196+G196+F196)-(H196+I196) -> 0
A197: =_xlfn.XLOOKUP(Tabla1[[#This Row],[Descripcion]],Costos!A:A,Costos!B:B) -> 349.3127 | B197: 46235 | C197: Silla de Baño con Respaldo | D197: 349.3127 | E197: 511 | J197: =(E197+G197+F197)-(H197+I197) -> 511
A198: =_xlfn.XLOOKUP(Tabla1[[#This Row],[Descripcion]],Costos!A:A,Costos!B:B) -> 447.78148 | B198: 46235 | C198: Nebulizador Pediatrico Elefante Rosa | D198: 447.78148 | E198: 4791 | H198: 35 | I198: 1 | J198: =(E198+G198+F198)-(H198+I198) -> 4755
A199: =_xlfn.XLOOKUP(Tabla1[[#This Row],[Descripcion]],Costos!A:A,Costos!B:B) -> 451.39646 | B199: 46235 | C199: Nebulizador Pediatrico Elefante Celeste | D199: 451.39646 | E199: 8604 | H199: 76 | J199: =(E199+G199+F199)-(H199+I199) -> 8528
A200: =_xlfn.XLOOKUP(Tabla1[[#This Row],[Descripcion]],Costos!A:A,Costos!B:B) -> 58.319145 | B200: 46235 | C200: Termometro Pediatrico Osito | D200: 58.319145 | E200: 17839 | G200: 5 | H200: 569 | J200: =(E200+G200+F200)-(H200+I200) -> 17275
A201: =_xlfn.XLOOKUP(Tabla1[[#This Row],[Descripcion]],Costos!A:A,Costos!B:B) -> 58.065092 | B201: 46235 | C201: Termometro Pediatrico Koala | D201: 58.065092 | E201: 18051 | G201: 6 | H201: 402 | J201: =(E201+G201+F201)-(H201+I201) -> 17655
A202: =_xlfn.XLOOKUP(Tabla1[[#This Row],[Descripcion]],Costos!A:A,Costos!B:B) -> 57.201051 | B202: 46235 | C202: Termometro Pediatrico Panda | D202: 57.201051 | E202: 5476 | G202: 3 | H202: 2657 | I202: 9 | J202: =(E202+G202+F202)-(H202+I202) -> 2813
A203: =_xlfn.XLOOKUP(Tabla1[[#This Row],[Descripcion]],Costos!A:A,Costos!B:B) -> 60.761 | B203: 46235 | C203: Termometro Pediatrico Ranita | D203: 60.761 | E203: 8188 | G203: 2 | H203: 42 | I203: 5 | J203: =(E203+G203+F203)-(H203+I203) -> 8143
A204: =_xlfn.XLOOKUP(Tabla1[[#This Row],[Descripcion]],Costos!A:A,Costos!B:B) -> 465.8061 | B204: 46235 | C204: Nebulizador Adulto Moderno NBA-01WA | D204: 465.8061 | E204: 5141 | H204: 9 | J204: =(E204+G204+F204)-(H204+I204) -> 5132
...

Sheet Costos
A1: PRODUCTO | B1: COSTO
A2: Silla de Ruedas Standar | B2: 1086.7487
A3: Silla de Baño con Respaldo | B3: 349.3127
A4: Nebulizador Pediatrico Elefante Rosa | B4: 447.78148
A5: Nebulizador Pediatrico Elefante Celeste | B5: 451.39646
A6: Termometro Pediatrico Osito | B6: 58.319145
A7: Termometro Pediatrico Koala | B7: 58.065092
A8: Termometro Pediatrico Panda | B8: 57.201051
A9: Termometro Pediatrico Ranita | B9: 60.761
A10: Nebulizador Adulto Moderno NBA-01WA | B10: 465.8061
A11: Inodoro Portatil | B11: 517.4982
A12: Bascula Digital de Vidrio Transparente | B12: 154.16365
A13: Bascula Digital de Vidrio Marmol | B13: 147.5766
... A33: Nebulizador Adulto NBA-00WA | B33: 441.3131

Sheet Hoja2
A3: Fecha | B3: Descripcion | C3: COSTOS | D3: Inventario Inicial | E3: Compra | F3: Entrada dev | G3: ALMACEN CONSIGNA SANA | H3: UNEFARM | I3: PROMOCIONALES -TRASPASO | J3: Salida | K3: Salida Almacen | L3: Cancelación Inventario | M3: Inventario Final
A4: 45658 | B4: Silla de Ruedas Standar | E4: 347 | M4: =SUM(D4:H4)-SUM(J4:L4) -> 347
A5: 45658 | B5: Silla de Baño con Respaldo | E5: 844 | M5: =SUM(D5:H5)-SUM(J5:L5) -> 844
A6: 45658 | B6: Nebulizador Pediatrico Elefante Rosa | E6: 3844 | M6: =SUM(D6:H6)-SUM(J6:L6) -> 3844
A7: 45658 | B7: Nebulizador Pediatrico Elefante Celeste | E7: 32 | M7: =SUM(D7:H7)-SUM(J7:L7) -> 32
A8: 45658 | B8: Termometro Pediatrico Osito | E8: 8483 | M8: =SUM(D8:H8)-SUM(J8:L8) -> 8483
A9: 45658 | B9: Termometro Pediatrico Koala | E9: 7278 | M9: =SUM(D9:H9)-SUM(J9:L9) -> 7278
A10: 45658 | B10: Termometro Pediatrico Panda | E10: 105 | M10: =SUM(D10:H10)-SUM(J10:L10) -> 105
A11: 45658 | B11: Termometro Pediatrico Ranita | E11: 9706 | M11: =SUM(D11:H11)-SUM(J11:L11) -> 9706
A12: 45658 | B12: Nebulizador Adulto Moderno NBA-01WA | E12: 6102 | M12: =SUM(D12:H12)-SUM(J12:L12) -> 6102
A13: 45658 | B13: Inodoro Portatil | E13: 440 | M13: =SUM(D13:H13)-SUM(J13:L13) -> 440
A14: 45658 | B14: Bascula Digital de Vidrio Transparente | E14: 973 | M14: =SUM(D14:H14)-SUM(J14:L14) -> 973
A15: 45658 | B15: Bascula Digital de Vidrio Marmol | E15: 973 | M15: =SUM(D15:H15)-SUM(J15:L15) -> 973
... A20: 45658 | B20: Ganchos de Plastico | E20: 81488 | M20: =SUM(D20:H20)-SUM(J20:L20) -> 81488
A21: 45689 | B21: Silla de Ruedas Standar | D21: =M4 -> 347 | M21: =SUM(D21:H21)-SUM(J21:L21) -> 347
A22: 45689 | B22: Silla de Baño con Respaldo | D22: =M5 -> 844 | M22: =SUM(D22:H22)-SUM(J22:L22) -> 844
A23: 45689 | B23: Nebulizador Pediatrico Elefante Rosa | D23: =M6 -> 3844 | M23: =SUM(D23:H23)-SUM(J23:L23) -> 3844
A24: 45689 | B24: Nebulizador Pediatrico Elefante Celeste | D24: =M7 -> 32 | M24: =SUM(D24:H24)-SUM(J24:L24) -> 32
A25: 45689 | B25: Termometro Pediatrico Osito | D25: =M8 -> 8483 | M25: =SUM(D25:H25)-SUM(J25:L25) -> 8483
A26: 45689 | B26: Termometro Pediatrico Koala | D26: =M9 -> 7278 | M26: =SUM(D26:H26)-SUM(J26:L26) -> 7278
A27: 45689 | B27: Termometro Pediatrico Panda | D27: =M10 -> 105 | M27: =SUM(D27:H27)-SUM(J27:L27) -> 105
A28: 45689 | B28: Termometro Pediatrico Ranita | D28: =M11 -> 9706 | M28: =SUM(D28:H28)-SUM(J28:L28) -> 9706
A29: 45689 | B29: Nebulizador Adulto Moderno NBA-01WA | D29: =M12 -> 6102 | M29: =SUM(D29:H29)-SUM(J29:L29) -> 6102
A30: 45689 | B30: Inodoro Portatil | D30: =M13 -> 440 | M30: =SUM(D30:H30)-SUM(J30:L30) -> 440
A31: 45689 | B31: Bascula Digital de Vidrio Transparente | D31: =M14 -> 973 | M31: =SUM(D31:H31)-SUM(J31:L31) -> 973
A32: 45689 | B32: Bascula Digital de Vidrio Marmol | D32: =M15 -> 973 | M32: =SUM(D32:H32)-SUM(J32:L32) -> 973
... A37: 45689 | B37: Ganchos de Plastico | D37: =M20 -> 81488 | M37: =SUM(D37:H37)-SUM(J37:L37) -> 81488
A38: 45717 | B38: Silla de Ruedas Standar | D38: =M21 -> 347 | E38: 45 | M38: =SUM(D38:H38)-SUM(J38:L38) -> 392
A39: 45717 | B39: Silla de Baño con Respaldo | D39: =M22 -> 844 | E39: 535 | M39: =SUM(D39:H39)-SUM(J39:L39) -> 1379
A40: 45717 | B40: Nebulizador Pediatrico Elefante Rosa | D40: =M23 -> 3844 | E40: 11443 | G40: 150 | M40: =SUM(D40:H40)-SUM(J40:L40) -> 15437
A41: 45717 | B41: Nebulizador Pediatrico Elefante Celeste | D41: =M24 -> 32 | E41: 6303 | G41: 150 | M41: =SUM(D41:H41)-SUM(J41:L41) -> 6485
A42: 45717 | B42: Termometro Pediatrico Osito | D42: =M25 -> 8483 | E42: 25095 | G42: 520 | M42: =SUM(D42:H42)-SUM(J42:L42) -> 34098
A43: 45717 | B43: Termometro Pediatrico Koala | D43: =M26 -> 7278 | E43: 26492 | G43: 520 | M43: =SUM(D43:H43)-SUM(J43:L43) -> 34290
A44: 45717 | B44: Termometro Pediatrico Panda | D44: =M27 -> 105 | E44: 30053 | M44: =SUM(D44:H44)-SUM(J44:L44) -> 30158
A45: 45717 | B45: Termometro Pediatrico Ranita | D45: =M28 -> 9706 | E45: 9170 | G45: 520 | M45: =SUM(D45:H45)-SUM(J45:L45) -> 19396
A46: 45717 | B46: Nebulizador Adulto Moderno NBA-01WA | D46: =M29 -> 6102 | E46: 5867 | G46: 198 | M46: =SUM(D46:H46)-SUM(J46:L46) -> 12167
A47: 45717 | B47: Inodoro Portatil | D47: =M30 -> 440 | E47: 77 | M47: =SUM(D47:H47)-SUM(J47:L47) -> 517
A48: 45717 | B48: Bascula Digital de Vidrio Transparente | D48: =M31 -> 973 | E48: 827 | G48: 132 | M48: =SUM(D48:H48)-SUM(J48:L48) -> 1932
A49: 45717 | B49: Bascula Digital de Vidrio Marmol | D49: =M32 -> 973 | E49: 820 | G49: 132 | M49: =SUM(D49:H49)-SUM(J49:L49) -> 1925
A50: 45717 | B50: Bascula Digital de Vidrio Antideslizante | D50: =M33 -> 885 | E50: 738 | G50: 132 | M50: =SUM(D50:H50)-SUM(J50:L50) -> 1755
A51: 45717 | B51: Cojin de Espuma de Memoria Cuadrado | D51: =M34 -> 1490 | E51: 1488 | M51: =SUM(D51:H51)-SUM(J51:L51) -> 2978
A52: 45717 | B52: Nebulizador Adulto NBA-05WA | D52: =M35 -> 1243 | E52: 7057 | M52: =SUM(D52:H52)-SUM(J52:L52) -> 8300 | N52: 8282 | O52: El sistema da otro dato
A53: 45717 | B53: Nebulizador Adulto NBA-00WA | D53: =M36 -> 8413 | E53: 7951 | M53: =SUM(D53:H53)-SUM(J53:L53) -> 16364
A54: 45717 | B54: Ganchos de Plastico | D54: =M37 -> 81488 | E54: 81280 | M54: =SUM(D54:H54)-SUM(J54:L54) -> 162768
A55: 45717 | B55: Termometro Pediatrico Cerdito | D55: 7223 | G55: 520 | M55: =SUM(D55:H55)-SUM(J55:L55) -> 7743
A56: 45717 | B56: Tarjetas Aromatizantes con Imagenes Religiosas | D56: 112761 | M56: =SUM(D56:H56)-SUM(J56:L56) -> 112761
A57: 45717 | B57: Tarjetas Aromatizantes con Frases Motivacionales | D57: 230703 | M57: =SUM(D57:H57)-SUM(J57:L57) -> 230703
A58: 45717 | B58: Tablero de Papel | D58: 8680 | M58: =SUM(D58:H58)-SUM(J58:L58) -> 8680
A59: 45748 | B59: Silla de Ruedas Standar | D59: =M38 -> 392 | L59: 347 | M59: =SUM(D59:H59)-SUM(J59:L59) -> 45
A60: 45748 | B60: Silla de Baño con Respaldo | D60: =M39 -> 1379 | J60: 4 | L60: 844 | M60: =SUM(D60:H60)-SUM(J60:L60) -> 531 | N60: 528 | O60: Lueg de unas salidas el inventario se ajusto a otra cantidad
A61: 45748 | B61: Nebulizador Pediatrico Elefante Rosa | D61: =M40 -> 15437 | H61: 20 | J61: 19 | L61: 3844 | M61: =SUM(D61:H61)-SUM(J61:L61) -> 11594
A62: 45748 | B62: Nebulizador Pediatrico Elefante Celeste | D62: =M41 -> 6485 | F62: 1 | H62: 20 | J62: 421 | L62: 32 | M62: =SUM(D62:H62)-SUM(J62:L62) -> 6053
A63: 45748 | B63: Termometro Pediatrico Osito | D63: =M42 -> 34098 | H63: 5 | J63: 275 | L63: 8483 | M63: =SUM(D63:H63)-SUM(J63:L63) -> 25345
A64: 45748 | B64: Termometro Pediatrico Koala | D64: =M43 -> 34290 | H64: 5 | J64: 26 | L64: 7278 | M64: =SUM(D64:H64)-SUM(J64:L64) -> 26991
A65: 45748 | B65: Termometro Pediatrico Panda | D65: =M44 -> 30158 | H65: 5 | J65: 3608 | L65: 105 | M65: =SUM(D65:H65)-SUM(J65:L65) -> 26450 | N65: 19705
A66: 45748 | B66: Termometro Pediatrico Ranita | D66: =M45 -> 19396 | H66: 5 | J66: 15 | L66: 9706 | M66: =SUM(D66:H66)-SUM(J66:L66) -> 9680
A67: 45748 | B67: Nebulizador Adulto Moderno NBA-01WA | D67: =M46 -> 12167 | H67: 20 | L67: 6102 | M67: =SUM(D67:H67)-SUM(J67:L67) -> 6085
A68: 45748 | B68: Inodoro Portatil | D68: =M47 -> 517 | J68: 11 | L68: 440 | M68: =SUM(D68:H68)-SUM(J68:L68) -> 66
A69: 45748 | B69: Bascula Digital de Vidrio Transparente | D69: =M48 -> 1932 | H69: 6 | L69: 973 | M69: =SUM(D69:H69)-SUM(J69:L69) -> 965
A70: 45748 | B70: Bascula Digital de Vidrio Marmol | D70: =M49 -> 1925 | H70: 7 | J70: 4 | L70: 973 | M70: =SUM(D70:H70)-SUM(J70:L70) -> 955
A71: 45748 | B71: Bascula Digital de Vidrio Antideslizante | D71: =M50 -> 1755 | H71: 7 | J71: 2 | L71: 885 | M71: =SUM(D71:H71)-SUM(J71:L71) -> 875
A72: 45748 | B72: Cojin de Espuma de Memoria Cuadrado | D72: =M51 -> 2978 | L72: 1490 | M72: =SUM(D72:H72)-SUM(J72:L72) -> 1488
A73: 45748 | B73: Nebulizador Adulto NBA-05WA | D73: =M52 -> 8300 | J73: 252 | L73: 1243 | M73: =SUM(D73:H73)-SUM(J73:L73) -> 6805
A74: 45748 | B74: Nebulizador Adulto NBA-00WA | D74: =M53 -> 16364 | L74: 8413 | M74: =SUM(D74:H74)-SUM(J74:L74) -> 7951
A75: 45748 | B75: Ganchos de Plastico | D75: =M54 -> 162768 | I75: 81280 | J75: 0 | L75: 81488 | M75: =SUM(D75:H75)-SUM(I75:L75) -> 0
A76: 45748 | B76: Termometro Pediatrico Cerdito | D76: =M55 -> 7743 | J76: 23 | M76: =SUM(D76:H76)-SUM(J76:L76) -> 7720
A77: 45748 | B77: Tarjetas Aromatizantes con Imagenes Religiosas | D77: =M56 -> 112761 | M77: =SUM(D77:H77)-SUM(J77:L77) -> 112761
A78: 45748 | B78: Tarjetas Aromatizantes con Frases Motivacionales | D78: =M57 -> 230703 | M78: =SUM(D78:H78)-SUM(J78:L78) -> 230703
A79: 45748 | B79: Tablero de Papel | D79: 8680 | I79: =M58 -> 8680 | M79: =SUM(D79:H79)-SUM(I79:L79) -> 0
A80: 45778 | B80: Silla de Ruedas Standar | D80: =M59 -> 45 | J80: 1 | M80: =SUM(D80:H80)-SUM(J80:L80) -> 44
A81: 45778 | B81: Silla de Baño con Respaldo | D81: =M60 -> 531 | M81: =SUM(D81:H81)-SUM(J81:L81) -> 531
A82: 45778 | B82: Nebulizador Pediatrico Elefante Rosa | D82: =M61 -> 11594 | J82: 2 | M82: =SUM(D82:H82)-SUM(J82:L82) -> 11592
A83: 45778 | B83: Nebulizador Pediatrico Elefante Celeste | D83: =M62 -> 6053 | J83: 120 | M83: =SUM(D83:H83)-SUM(J83:L83) -> 5933
A84: 45778 | B84: Termometro Pediatrico Osito | D84: =M63 -> 25345 | J84: 20 | M84: =SUM(D84:H84)-SUM(J84:L84) -> 25325
A85: 45778 | B85: Termometro Pediatrico Koala | D85: =M64 -> 26991 | J85: 251 | M85: =SUM(D85:H85)-SUM(J85:L85) -> 26740
A86: 45778 | B86: Termometro Pediatrico Panda | D86: =M65 -> 26450 | J86: 2646 | M86: =SUM(D86:H86)-SUM(J86:L86) -> 23804
A87: 45778 | B87: Termometro Pediatrico Ranita | D87: =M66 -> 9680 | J87: 248 | M87: =SUM(D87:H87)-SUM(J87:L87) -> 9432
A88: 45778 | B88: Nebulizador Adulto Moderno NBA-01WA | D88: =M67 -> 6085 | J88: 2 | M88: =SUM(D88:H88)-SUM(J88:L88) -> 6083
A89: 45778 | B89: Inodoro Portatil | D89: =M68 -> 66 | J89: 6 | M89: =SUM(D89:H89)-SUM(J89:L89) -> 60
A90: 45778 | B90: Bascula Digital de Vidrio Transparente | D90: =M69 -> 965 | J90: 1 | M90: =SUM(D90:H90)-SUM(J90:L90) -> 964
A91: 45778 | B91: Bascula Digital de Vidrio Marmol | D91: =M70 -> 955 | J91: 7 | M91: =SUM(D91:H91)-SUM(J91:L91) -> 948
A92: 45778 | B92: Bascula Digital de Vidrio Antideslizante | D92: =M71 -> 875 | M92: =SUM(D92:H92)-SUM(J92:L92) -> 875
A93: 45778 | B93: Cojin de Espuma de Memoria Cuadrado | D93: =M72 -> 1488 | J93: 1 | M93: =SUM(D93:H93)-SUM(J93:L93) -> 1487
A94: 45778 | B94: Nebulizador Adulto NBA-05WA | D94: =M73 -> 6805 | J94: 162 | M94: =SUM(D94:H94)-SUM(J94:L94) -> 6643
A95: 45778 | B95: Nebulizador Adulto NBA-00WA | D95: =M74 -> 7951 | J95: 98 | M95: =SUM(D95:H95)-SUM(J95:L95) -> 7853
A96: 45778 | B96: Ganchos de Plastico | D96: =M75 -> 0 | M96: =SUM(D96:H96)-SUM(J96:L96) -> 0
A97: 45778 | B97: Termometro Pediatrico Cerdito | D97: =M76 -> 7720 | J97: 15 | M97: =SUM(D97:H97)-SUM(J97:L97) -> 7705
A98: 45778 | B98: Tarjetas Aromatizantes con Imagenes Religiosas | D98: =M77 -> 112761 | M98: =SUM(D98:H98)-SUM(J98:L98) -> 112761
A99: 45778 | B99: Tarjetas Aromatizantes con Frases Motivacionales | D99: =M78 -> 230703 | M99: =SUM(D99:H99)-SUM(J99:L99) -> 230703
A100: 45778 | B100: Tablero de Papel | D100: =M79 -> 0 | M100: =SUM(D100:H100)-SUM(J100:L100) -> 0
A101: 45809 | B101: Silla de Ruedas Standar | D101: =M80 -> 44 | J101: 3 | M101: =SUM(D101:H101)-SUM(J101:L101) -> 41
A102: 45809 | B102: Silla de Baño con Respaldo | D102: =M81 -> 531 | J102: 1 | M102: =SUM(D102:H102)-SUM(J102:L102) -> 530
A103: 45809 | B103: Nebulizador Pediatrico Elefante Rosa | D103: =M82 -> 11592 | J103: 1 | M103: =SUM(D103:H103)-SUM(J103:L103) -> 11591
A104: 45809 | B104: Nebulizador Pediatrico Elefante Celeste | D104: =M83 -> 5933 | J104: 216 | M104: =SUM(D104:H104)-SUM(J104:L104) -> 5717
A105: 45809 | B105: Termometro Pediatrico Osito | D105: =M84 -> 25325 | J105: 265 | M105: =SUM(D105:H105)-SUM(J105:L105) -> 25060
A106: 45809 | B106: Termometro Pediatrico Koala | D106: =M85 -> 26740 | J106: 266 | M106: =SUM(D106:H106)-SUM(J106:L106) -> 26474
A107: 45809 | B107: Termometro Pediatrico Panda | D107: =M86 -> 23804 | J107: 2169 | M107: =SUM(D107:H107)-SUM(J107:L107) -> 21635
A108: 45809 | B108: Termometro Pediatrico Ranita | D108: =M87 -> 9432 | J108: 9 | M108: =SUM(D108:H108)-SUM(J108:L108) -> 9423
A109: 45809 | B109: Nebulizador Adulto Moderno NBA-01WA | D109: =M88 -> 6083 | J109: 1 | M109: =SUM(D109:H109)-SUM(J109:L109) -> 6082
A110: 45809 | B110: Inodoro Portatil | D110: =M89 -> 60 | F110: 2 | J110: 9 | M110: =SUM(D110:H110)-SUM(J110:L110) -> 53
...
